/*
SQLyog Ultimate v11.11 (64 bit)
MySQL - 5.6.20 : Database - springsecuritybackend
*********************************************************************
*/

/*!40101 SET NAMES utf8 */;

/*!40101 SET SQL_MODE=''*/;

/*!40014 SET @OLD_UNIQUE_CHECKS=@@UNIQUE_CHECKS, UNIQUE_CHECKS=0 */;
/*!40014 SET @OLD_FOREIGN_KEY_CHECKS=@@FOREIGN_KEY_CHECKS, FOREIGN_KEY_CHECKS=0 */;
/*!40101 SET @OLD_SQL_MODE=@@SQL_MODE, SQL_MODE='NO_AUTO_VALUE_ON_ZERO' */;
/*!40111 SET @OLD_SQL_NOTES=@@SQL_NOTES, SQL_NOTES=0 */;
CREATE DATABASE /*!32312 IF NOT EXISTS*/`springsecuritybackend` /*!40100 DEFAULT CHARACTER SET latin1 */;

/*Table structure for table `advertisements` */

DROP TABLE IF EXISTS `advertisements`;

CREATE TABLE `advertisements` (
  `id` bigint(20) NOT NULL AUTO_INCREMENT,
  `title` varchar(255) DEFAULT NULL,
  `description` text,
  `document_name` varchar(255) DEFAULT NULL,
  `created_by` bigint(20) NOT NULL,
  `created_date` datetime NOT NULL,
  `last_modified_by` bigint(20) DEFAULT NULL,
  `last_modified_date` datetime DEFAULT NULL,
  `advertisement_no` varchar(50) DEFAULT NULL,
  `start_date` datetime DEFAULT NULL,
  `closing_date` datetime DEFAULT NULL,
  `is_active` tinyint(4) DEFAULT NULL,
  `title_marathi` varchar(255) DEFAULT NULL,
  `description_marathi` text,
  `document_name_marathi` varchar(255) DEFAULT NULL,
  `advertisement_no_marathi` varchar(50) DEFAULT NULL,
  PRIMARY KEY (`id`)
) ENGINE=InnoDB AUTO_INCREMENT=12 DEFAULT CHARSET=utf8;

/*Data for the table `advertisements` */

insert  into `advertisements`(`id`,`title`,`description`,`document_name`,`created_by`,`created_date`,`last_modified_by`,`last_modified_date`,`advertisement_no`,`start_date`,`closing_date`,`is_active`,`title_marathi`,`description_marathi`,`document_name_marathi`,`advertisement_no_marathi`) values (1,'Division controller ','Division controller','68516361-0a63-41af-8abd-0a786e56a796.pdf',2,'2018-08-29 12:37:28',5,'2018-09-19 17:37:40','1/2018','2018-08-27 00:00:00','2018-09-19 00:00:00',NULL,'विभाग नियंत्रक ','विभाग नियंत्रक&nbsp;','15abce82-d32d-4340-842a-b326e67f89d1.pdf','१/२०१८'),(2,'Division Controller:Extension in registration date ','<pre>\r\nExtension in registration date&nbsp;</pre>\r\n','e1dc1390-7fea-46e7-99f3-363ae8651108.pdf',5,'2018-09-19 17:37:22',2,'2019-01-17 18:21:27','SB/EST/1263','2018-08-27 00:00:00','2018-10-01 00:00:00',0,'विभाग नियंत्रक: नोंदणी तारखेमध्ये विस्तार','<pre>\r\nनोंदणी तारखेमध्ये विस्तार</pre>\r\n','b8729e74-813b-4d00-94ca-ad7fbb4c031b.pdf','SB/EST/1263'),(3,'Advertisement No : 1/2019','<p>Advertisement No : 1/2019 Drought affected division: Aurangabad, Jalna ,Parbhani , Amravati, Akola, Buldana ,Yavatmal , Dhule , Jalgaon ,Nashik ,Pune , Solapur)</p>\n','ef0e18da-3759-4109-9388-b53a3778c58e.pdf',2,'2019-01-17 19:23:39',2,'2019-02-22 10:44:21','01/2019','2019-01-17 00:00:00','2019-02-20 00:00:00',0,'जाहिरात क्रमांक :१/२०१९','जाहिरात क्रमांक (१/२०१९) - दुष्काळ ग्रस्त विभाग&nbsp;<br />\n( औरंगाबाद , जालना , परभणी , अमरावती , अकोला , बुलढाणा , यवतमाळ , धुळे , जळगाव , नाशिक , पुणे ,सोलापूर )','190b0501-2ef1-4e31-855d-c57830d6407b.pdf','०१/२०१९'),(5,'Advertisement No : 2/2019 ','Advertisement No : 2/2019 : Vacancy in ( Ahmednagar, Satara ,Sangli, Kolhapur, Nagpur, Chandrapur,Bhandara, Gadchiroli, Wardha)','5fc64e4c-ecf4-4522-b3a8-2712ad0e5c7b.pdf',2,'2019-02-08 22:49:42',2,'2019-02-22 10:44:15','2/2019','2019-02-08 00:00:00','2019-02-20 00:00:00',0,'जाहिरात क्रमांक :२/२०१९','जाहिरात क्रमांक (२/२०१९) - (अहमदनगर , सातारा , सांगली , कोल्हापूर , नागपूर , चंद्रपूर , भंडारा , गडचिरोली , वर्धा )','80b5b856-63d4-43e7-9b26-ffabf525ed20.pdf','२/२०१९'),(6,'Driver Cum Conductor_ShudhiPatrak-2019','Driver Cum Conductor_ShudhiPatrak-2019','5debadcc-ac20-46d3-8a17-04db23c1c4ce.pdf',2,'2019-02-09 00:14:01',2,'2019-02-22 10:44:17','2019','2019-02-09 00:00:00','2019-02-20 00:00:00',0,'चालक तथा वाहक शुद्धीपत्रक - २०१९','चालक तथा वाहक शुद्धीपत्रक - २०१९','d530afba-99fc-41cc-adef-2f3aad481dc5.pdf','2019'),(7,'Recruitment for Corporation class I and II- 2019','Recruitment for Corporation class I and II- 2019','73b49950-40a4-47ae-ab56-6742b60fc8fb.pdf',2,'2019-02-22 10:44:00',2,'2019-04-15 12:40:24','01/2019','2019-02-21 00:00:00','2019-04-16 00:00:00',1,'वर्ग १ व २ या पदांच्या सरळसेवा भरती २०१९','वर्ग १ व २ या पदांच्या सरळसेवा भरती २०१९','5233bcb8-a408-465c-b606-ac3179eb277e.pdf','1/2019'),(8,'Officers Post_ShudhiPatrak-2019','Officers Post_ShudhiPatrak-2019','5e33def3-2269-4858-b94c-874f828676c9.pdf',2,'2019-02-27 11:39:07',2,'2019-04-15 12:40:37','1/2019','2019-02-27 00:00:00','2019-04-16 00:00:00',1,'अधिकारी पोस्ट_शुद्ध पत्रक -२०१९','अधिकारी पोस्ट_शुद्ध पत्रक -२०१९','62ef0378-feaf-4f66-a8e2-3d8031982bde.pdf','1/2019'),(9,'CLASS (2) -  JUNIOR  OFFICER  Recruitment','CLASS (2) -&nbsp; JUNIOR&nbsp; OFFICER&nbsp; Recruitment','0be4fed0-bcdf-46e9-8939-eb03325677c9.pdf',2,'2019-03-09 08:54:25',2,'2019-04-15 12:40:44','2/2019','2019-03-08 00:00:00','2019-04-16 00:00:00',1,'सरळसेवा भरती वर्ग-2 (कनिष्ठ) (अधिकारी) ','सरळसेवा भरती वर्ग-2&nbsp;(कनिष्ठ) (अधिकारी)&nbsp;','84f15d82-3476-4960-b59f-0bf6d7180b97.pdf','02/2019'),(11,'Corrigendum- Two Advertisement No.1/2019 & 2/2019','<p>Corrigendum- Two Advertisement No.1/2019 &amp; 2/2019</p>\n','f393f114-3247-48ea-9932-cb8a9e519b2d.pdf',2,'2019-04-03 11:14:09',3,'2019-04-16 14:43:51','01/02/2019','2019-04-02 00:00:00','2019-04-17 00:00:00',1,'शुद्धलेख - जाहिरात क्रमांक १/२०१९ आणि २/२०१९','शुद्धलेख - जाहिरात क्रमांक १/२०१९ आणि २/२०१९','2036080e-efdf-45aa-bfc4-d93325f9c31d.pdf','01/02/2019');

/*Table structure for table `applicants` */

DROP TABLE IF EXISTS `applicants`;

CREATE TABLE `applicants` (
  `id` int(11) NOT NULL AUTO_INCREMENT,
  `application_id` varchar(255) COLLATE utf8_unicode_ci DEFAULT NULL,
  `first_name` varchar(255) COLLATE utf8_unicode_ci DEFAULT NULL,
  `middle_name` varchar(255) COLLATE utf8_unicode_ci DEFAULT NULL,
  `last_name` varchar(255) COLLATE utf8_unicode_ci DEFAULT NULL,
  `birth_date` date DEFAULT NULL,
  `gender` int(1) DEFAULT NULL,
  `address` mediumtext COLLATE utf8_unicode_ci,
  `pin_code` varchar(11) COLLATE utf8_unicode_ci NOT NULL,
  `email_address` varchar(255) COLLATE utf8_unicode_ci DEFAULT NULL,
  `mobile_number` varchar(11) COLLATE utf8_unicode_ci DEFAULT NULL,
  `marital_status` int(11) DEFAULT NULL,
  `maharashtra_domiciled` tinyint(1) DEFAULT NULL,
  `read_write_speak_marathi` tinyint(1) DEFAULT NULL,
  `caste_id` int(11) DEFAULT NULL,
  `password` varchar(255) COLLATE utf8_unicode_ci DEFAULT NULL,
  `created_date` datetime NOT NULL,
  `last_modified_date` datetime DEFAULT NULL,
  `role_id` int(11) NOT NULL,
  `first_login` tinyint(1) NOT NULL DEFAULT '1',
  `non_creamy_layer` tinyint(1) DEFAULT NULL,
  `certificate_validity_ending_Date` date DEFAULT NULL,
  `status` tinyint(1) DEFAULT '0',
  `subcategory` varchar(100) COLLATE utf8_unicode_ci DEFAULT NULL,
  `district_id` bigint(20) DEFAULT NULL,
  `first_name_marathi` varchar(255) COLLATE utf8_unicode_ci DEFAULT NULL,
  `middle_name_marathi` varchar(255) COLLATE utf8_unicode_ci DEFAULT NULL,
  `last_name_marathi` varchar(255) COLLATE utf8_unicode_ci DEFAULT NULL,
  `mobile_no_verified` tinyint(1) DEFAULT NULL,
  `child_of_farmer_who_committed_suicide` tinyint(1) DEFAULT NULL,
  `highest_qualification` bigint(15) DEFAULT NULL,
  `certificate_number` varchar(250) COLLATE utf8_unicode_ci DEFAULT NULL,
  `allocated_category` int(11) DEFAULT NULL,
  `drought_Affected` tinyint(1) DEFAULT NULL,
  `is_belong_to_ews` tinyint(1) DEFAULT NULL,
  `ews_certificate_number` varchar(250) COLLATE utf8_unicode_ci DEFAULT NULL,
  PRIMARY KEY (`id`),
  UNIQUE KEY `email_address` (`email_address`),
  KEY `FKaluc24vf3qkmlgbo3klhgn38b` (`role_id`),
  KEY `fk_caste_details` (`caste_id`),
  KEY `caste_id` (`caste_id`),
  KEY `district_id` (`district_id`),
  KEY `application_id` (`application_id`),
  KEY `gender` (`gender`),
  CONSTRAINT `FKaluc24vf3qkmlgbo3klhgn38b` FOREIGN KEY (`role_id`) REFERENCES `roles` (`id`)
) ENGINE=InnoDB AUTO_INCREMENT=700011 DEFAULT CHARSET=utf8 COLLATE=utf8_unicode_ci;

/*Data for the table `applicants` */

insert  into `applicants`(`id`,`application_id`,`first_name`,`middle_name`,`last_name`,`birth_date`,`gender`,`address`,`pin_code`,`email_address`,`mobile_number`,`marital_status`,`maharashtra_domiciled`,`read_write_speak_marathi`,`caste_id`,`password`,`created_date`,`last_modified_date`,`role_id`,`first_login`,`non_creamy_layer`,`certificate_validity_ending_Date`,`status`,`subcategory`,`district_id`,`first_name_marathi`,`middle_name_marathi`,`last_name_marathi`,`mobile_no_verified`,`child_of_farmer_who_committed_suicide`,`highest_qualification`,`certificate_number`,`allocated_category`,`drought_Affected`,`is_belong_to_ews`,`ews_certificate_number`) values (700001,'MSRTC0700001','Ashish','J','Meshram','1982-12-21',0,'Mumbai1111','400111','ashish.meshram1@sts.in','9833701111',0,0,1,4,'Q2fTR22Sndt2Jvx0lIUUBJpE79x8iGwTFHJsSw0gSl/hFDdVtl9lUZMnkAUZ496H','2018-08-17 14:34:51','2019-01-17 21:37:23',2,0,NULL,NULL,1,'Kunbi',1,'आशीष','जे','मेश्राम',0,0,5,'',4,1,NULL,NULL),(700002,'MSRTC0700002','Ashish','A','Gorivale','1988-01-05',1,'Mumbai','400089','ashish.gorivale1@sts.in','9833707361',1,1,1,1,'Q2fTR22Sndt2Jvx0lIUUBJpE79x8iGwTFHJsSw0gSl/hFDdVtl9lUZMnkAUZ496H','2018-08-17 14:36:13','2019-01-17 21:27:55',2,0,NULL,NULL,1,'',1,'आशीष','ए','गोरीवले',0,0,2,'',1,1,NULL,NULL),(700003,'MSRTC0700003','Vineet','J','Singh','1982-12-21',1,'Mumbai','400089','vineet.singh@sts.in','9833707361',NULL,NULL,NULL,NULL,'Q2fTR22Sndt2Jvx0lIUUBJpE79x8iGwTFHJsSw0gSl/hFDdVtl9lUZMnkAUZ496H','2018-08-17 14:34:51','2018-08-17 14:34:51',2,0,NULL,NULL,0,NULL,NULL,'आशीष','जे','मेश्राम',0,NULL,NULL,NULL,NULL,NULL,NULL,NULL),(700006,'MSRTC0700006','ashish','suresh','gorivale','1999-02-03',1,'DR.B.A.Road','400033','gorivaleashish07@gmail.com','9773418386',0,0,1,8,'Q2fTR22Sndt2Jvx0lIUUBJpE79x8iGwTFHJsSw0gSl/hFDdVtl9lUZMnkAUZ496H','2018-08-20 06:43:11','2018-08-20 07:14:29',2,0,1,'2018-08-20',1,'Kunbi',2,'आशीष','सुरेश','गोरीवले',0,1,4,NULL,NULL,NULL,NULL,NULL),(700007,'MSRTC0700007','rampal','arjun','singh','1980-09-20',1,'DR.B.A.Road','400033','rampal1.singh@sts.in','9773418386',0,0,1,2,'Q2fTR22Sndt2Jvx0lIUUBJpE79x8iGwTFHJsSw0gSl/hFDdVtl9lUZMnkAUZ496H','2018-08-20 06:43:11','2018-08-27 04:49:47',2,0,0,NULL,1,'testVGA',2,'रामपाल','अर्जुन','सिंह',0,0,4,'',1,NULL,NULL,NULL),(700009,'MSRTC0700009','Ashish','J','Meshram','1982-12-21',1,'Mumbai','400089','ashish.meshram6@sts.in','9833707361',0,1,1,1,'Q2fTR22Sndt2Jvx0lIUUBJpE79x8iGwTFHJsSw0gSl/hFDdVtl9lUZMnkAUZ496H','2018-08-17 14:34:51','2018-08-24 10:54:17',2,0,NULL,NULL,1,'',18,'आशीष','जे','मेश्राम',0,0,3,'',1,NULL,NULL,NULL),(700010,'MSRTC0700010','Ashish','A','Gorivale','1999-02-03',1,'Mumbai','400089','ashish.gorivale@sts.in','9773418386',1,1,1,6,'Q2fTR22Sndt2Jvx0lIUUBJpE79x8iGwTFHJsSw0gSl/hFDdVtl9lUZMnkAUZ496H','2018-08-17 14:36:13','2019-04-08 15:51:43',2,0,0,NULL,1,'asd',1,'आशीष','ए','गोरीवले',0,0,2,'',1,NULL,NULL,'');

/*Table structure for table `castes` */

DROP TABLE IF EXISTS `castes`;

CREATE TABLE `castes` (
  `id` int(6) NOT NULL AUTO_INCREMENT,
  `caste_title` varchar(100) COLLATE utf8_unicode_ci NOT NULL,
  `message_key` varchar(255) COLLATE utf8_unicode_ci NOT NULL,
  `post_fees` int(11) NOT NULL DEFAULT '250',
  `caste_order` int(11) DEFAULT NULL,
  PRIMARY KEY (`id`)
) ENGINE=InnoDB AUTO_INCREMENT=12 DEFAULT CHARSET=utf8 COLLATE=utf8_unicode_ci;

/*Data for the table `castes` */

insert  into `castes`(`id`,`caste_title`,`message_key`,`post_fees`,`caste_order`) values (1,'Open','caste.open',1000,1),(2,'O.B.C.','caste.obc',500,9),(3,'S.T.','caste.st',500,3),(4,'S.C.','caste.sc',500,2),(5,'VJ-A','caste.vja',500,4),(6,'NT-B','caste.ntb',500,5),(7,'NT-C','caste.ntc',500,6),(8,'NT-D','caste.ntd',500,7),(9,'S.B.C','caste.sbc',500,8),(10,'S.E.B.C ( Maratha)','caste.maratha',500,10),(11,'E.W.S.','caste.ews',500,11);

/*Table structure for table `document_category` */

DROP TABLE IF EXISTS `document_category`;

CREATE TABLE `document_category` (
  `id` int(11) NOT NULL AUTO_INCREMENT,
  `category_title` varchar(255) NOT NULL,
  `category_title_marathi` varchar(255) NOT NULL,
  `document_type` bigint(20) NOT NULL,
  `active` tinyint(1) NOT NULL DEFAULT '0',
  `created_by` bigint(20) NOT NULL,
  `created_date` datetime NOT NULL,
  `last_modified_by` int(11) NOT NULL,
  `last_modified_date` datetime NOT NULL,
  PRIMARY KEY (`id`)
) ENGINE=InnoDB DEFAULT CHARSET=utf8;

/*Data for the table `document_category` */

/*Table structure for table `document_subcategory` */

DROP TABLE IF EXISTS `document_subcategory`;

CREATE TABLE `document_subcategory` (
  `id` int(11) NOT NULL AUTO_INCREMENT,
  `document_type` bigint(20) NOT NULL DEFAULT '0',
  `category_type` bigint(20) NOT NULL DEFAULT '0',
  `subcategory_title` varchar(255) NOT NULL,
  `subcategory_title_marathi` varchar(255) NOT NULL,
  `active` tinyint(1) NOT NULL DEFAULT '0',
  `created_by` bigint(20) NOT NULL,
  `created_date` datetime NOT NULL,
  `last_modified_by` bigint(20) NOT NULL,
  `last_modified_date` datetime NOT NULL,
  PRIMARY KEY (`id`)
) ENGINE=InnoDB DEFAULT CHARSET=utf8;

/*Data for the table `document_subcategory` */

/*Table structure for table `documents` */

DROP TABLE IF EXISTS `documents`;

CREATE TABLE `documents` (
  `id` int(11) NOT NULL AUTO_INCREMENT,
  `title` varchar(255) COLLATE utf8_unicode_ci DEFAULT NULL,
  `description` text COLLATE utf8_unicode_ci,
  `document_name` varchar(255) COLLATE utf8_unicode_ci DEFAULT NULL,
  `document_type` int(11) DEFAULT NULL,
  `active` tinyint(1) DEFAULT NULL,
  `created_by` int(11) NOT NULL,
  `created_date` datetime NOT NULL,
  `last_modified_by` int(11) DEFAULT NULL,
  `last_modified_date` datetime DEFAULT NULL,
  `title_mr` varchar(255) COLLATE utf8_unicode_ci DEFAULT NULL,
  `description_mr` text COLLATE utf8_unicode_ci,
  `document_name_mr` varchar(255) COLLATE utf8_unicode_ci DEFAULT NULL,
  `category_type` bigint(20) DEFAULT '0',
  `sub_category_type` bigint(20) DEFAULT '0',
  PRIMARY KEY (`id`)
) ENGINE=InnoDB AUTO_INCREMENT=136 DEFAULT CHARSET=utf8 COLLATE=utf8_unicode_ci;

/*Data for the table `documents` */

insert  into `documents`(`id`,`title`,`description`,`document_name`,`document_type`,`active`,`created_by`,`created_date`,`last_modified_by`,`last_modified_date`,`title_mr`,`description_mr`,`document_name_mr`,`category_type`,`sub_category_type`) values (1,'Division Controller: Fee Chart','Division Controller:&nbsp; Fee Chart','a57d6607-33da-4393-8ea8-2b66e5ab701c.pdf',1,0,2,'2018-08-29 12:34:03',2,'2019-01-17 18:21:38','विभाग नियंत्रक : नोंदणी शुल्क','विभाग नियंत्रक : नोंदणी शुल्क','803cca74-1aa1-453a-9eb7-97dc9a24fa8d.pdf',0,0),(2,'Online Recruitment Application System user manual','<p><strong>Online Recruitment Application System user manual</strong></p>\r\n','feb614e0-74ef-47bf-9fe7-a66fda3501d8.pdf',3,1,2,'2018-08-29 12:46:36',2,'2018-08-29 12:46:36','ऑनलाइन अर्ज प्रणाली वापरकर्ता पुस्तिका','<p><strong>ऑनलाइन अर्ज प्रणाली वापरकर्ता</strong> <strong>पुस्तिका</strong></p>\r\n','342ccc07-52c6-4a0f-a313-1493b7d41bf1.pdf',0,0),(3,'Payment Process','Payment Process','44245949-6336-4af5-b658-c3b1734a5d10.pdf',3,1,2,'2018-08-29 12:49:47',2,'2018-08-29 12:49:47','पैसे भरण्याची प्रक्रिया ','पैसे भरण्याची प्रक्रिया&nbsp;','d24a05a9-0fb6-49c5-b05b-f048512b1747.pdf',0,0),(4,'Physical Test','Physical Test of Security Inspector/Fire Warden/Asstt.Security Inspector on date 23 October-2018 at 08.00 a.m.&nbsp;','8c06eeeb-ca8c-4712-a102-e063f4f0577b.pdf',6,0,2,'2018-10-22 13:45:30',2,'2018-11-30 11:34:53','शारीरिक पात्रता तपासणी ','शारीरिक पात्रता : सुरक्षा निरिक्षक (कनिष्ठ) , सहाय्यक सुरक्षा निरिक्षक (कनिष्ठ) , आगरक्षक (कनिष्ठ) शारीरिक तपासणी २३ ऑक्टोबर-२०१८ रोजी सकाळी 0८.00 वाजता','5d75582e-45ed-4cd5-9d21-d2672b9cfd37.pdf',0,0),(5,'Asst. Security inspector (Jr.) Selection list','Asst. Security inspector (Jr.) Selection list','60040a0e-dde7-4d0d-89ee-636bdcf06445.pdf',6,0,2,'2018-11-30 11:35:39',2,'2019-01-04 12:15:39','सहा. सुरक्षा निरीक्षक (कनिष्ठ) निवड यादी','सहा. सुरक्षा निरीक्षक (कनिष्ठ) निवड यादी','f4bd449c-f19d-4d63-9b5d-037017f4cf22.pdf',0,0),(6,'Asst. Security inspector (Jr.) Waiting list','Asst. Security inspector (Jr.) Waiting list','c33617c1-fb28-40a9-9147-e0e387a9922a.pdf',6,0,2,'2018-11-30 11:39:27',2,'2019-01-04 12:15:39','सहा. सुरक्षा निरीक्षक (कनिष्ठ) अतिरिक्त यादी','सहा. सुरक्षा निरीक्षक (कनिष्ठ) अतिरिक्त यादी','c3c2e442-d7f4-445f-a143-4fb784c73d14.pdf',0,0),(7,'Security Inspector (Jr.) Selection list','Security Inspector (Jr.) Selection list','af88c1c4-4c0c-45fb-b194-c011894acea6.pdf',6,0,2,'2018-11-30 11:40:16',2,'2019-01-04 12:15:40','सुरक्षा निरीक्षक (कनिष्ठ) निवड यादी','सुरक्षा निरीक्षक (कनिष्ठ) निवड यादी','ee888c5e-b090-47f7-a394-0ffff8e0bbaa.pdf',0,0),(8,'Security Inspector (Jr.) Waiting list','Security Inspector (Jr.) Waiting list','41b15b2f-c76c-454f-9211-f687fe930d2f.pdf',6,0,2,'2018-11-30 11:41:11',2,'2019-01-04 12:15:41','सुरक्षा निरीक्षक (कनिष्ठ) अतिरिक्त यादी','सुरक्षा निरीक्षक (कनिष्ठ) अतिरिक्त यादी','fe540c3c-82c7-40e7-a23a-ab75b8eb5ccd.pdf',0,0),(9,'Firewarden (Jr.) Selection List','Firewarden (Jr.) Selection List','bdc01686-2462-4d0a-a886-bef5c5cdeedd.pdf',6,0,2,'2018-11-30 11:41:52',2,'2019-01-04 12:15:41','आगरक्षक (कनिष्ठ) निवड यादी','आगरक्षक (कनिष्ठ) निवड यादी','10447c8e-2bef-4591-83d7-163fe34262c8.pdf',0,0),(10,' Division Controller Answer Key','&nbsp;Division Controller Answer Key','55bde1a7-b566-4c4b-9cfd-6524fb2d38f2.pdf',6,0,2,'2019-01-04 12:15:36',2,'2019-01-17 18:20:09','विभाग नियंत्रक उत्तर पत्रिका  ','विभाग नियंत्रक उत्तर पत्रिका&nbsp;&nbsp;','e9b937d9-7800-4492-a7ee-457a66c09c50.pdf',0,0),(11,'DC Post:1:5 Applicants Result','DC Post:1:5 Applicants Result','5f25afa0-af4a-461b-8b73-83239e2e4dea.pdf',6,0,2,'2019-01-04 15:46:00',2,'2019-01-17 18:20:11','विभाग नियंत्रक:१: ५ अर्जदारांचे निकाल','विभाग नियंत्रक:१: ५ अर्जदारांचे निकाल','c798b9b8-74f4-4c5a-bbb4-29053f7fe338.pdf',0,0),(12,'DC Post selection List','DC Post selection List','ab642e7e-0105-40b2-bcd2-585920b0abaf.pdf',6,0,2,'2019-01-04 23:36:51',2,'2019-01-17 18:20:12','विभाग नियंत्रक निवड यादी ','विभाग नियंत्रक निवड यादी&nbsp;','3c47df9a-ba88-4580-b887-ee63a865c5aa.pdf',0,0),(13,'DC Post Waiting List','DC Post Waiting List','ac85a42e-123d-47ef-9e79-5ebc89f574c3.pdf',6,0,2,'2019-01-04 23:38:54',2,'2019-01-17 18:20:13','विभाग नियंत्रक अतिरिक्त निवड यादी ','विभाग नियंत्रक अतिरिक्त निवड यादी&nbsp;','16307eeb-0734-4469-a194-9c0a958d9b65.pdf',0,0),(14,'Kindly note that on account of Republic Day Helpdesk will remain close on 26th January 2019.','<strong>Kindly note that on account of Republic Day Helpdesk will remain close on 26th&nbsp;January 2019.</strong>','5e685c2c-e20e-441c-a4b6-039a83ad21d7.pdf',6,0,2,'2019-01-25 12:47:13',2,'2019-02-20 23:50:39','२६ जानेवारी २०१९ रोजी गणतंत्र दिवसा निम्मित संपर्क कक्ष बंद राहील.','२६ जानेवारी २०१९ रोजी गणतंत्र दिवसा निम्मित संपर्क कक्ष बंद राहील.','0bfac415-c1e6-4aaa-bd56-42c072e3820b.pdf',0,0),(15,'Editable and Non-Editable fields after Payment','Editable and Non-Editable fields after Payment','e496f86f-9570-4da6-94af-e5c0d0b44980.pdf',3,1,2,'2019-02-15 14:47:44',2,'2019-02-15 14:47:44','पैस भरल्यानंतर बदलता व न- बदलता येणारे क्षेत्र ','पैस भरल्यानंतर बदलता व न- बदलता येणारे क्षेत्र&nbsp;','84b82f89-ed01-4a03-adbb-30d0b59c2e99.pdf',0,0),(16,'Driver cum conductor answer sheet_Set A','Driver cum conductor answer sheet_Set A','0fdd7b2f-5d7a-49f3-8bfc-ecbec29671df.pdf',5,0,2,'2019-02-24 22:42:44',2,'2019-03-03 00:19:09','चालक तथा वाहक उत्तर संच \"अ \"','चालक तथा वाहक उत्तर संच &quot;अ &quot;','584c4359-4689-4b54-8fa5-cb5be6ea267c.pdf',0,0),(17,'Driver cum conductor answer sheet_Set B','Driver cum conductor answer sheet_Set B','dc683dda-4164-4a09-b076-ee238270acce.pdf',5,0,2,'2019-02-24 22:43:55',2,'2019-03-03 00:19:10','चालक तथा वाहक उत्तर संच \"ब \"','चालक तथा वाहक उत्तर संच &quot;ब &quot;','2bca034d-e913-480b-a5e6-7eca1868016a.pdf',0,0),(18,'Driver cum conductor answer sheet_Set C','Driver cum conductor answer sheet_Set C','fe614fcc-8a20-4ca1-9264-e90ffdfe9766.pdf',5,0,2,'2019-02-24 22:45:17',2,'2019-03-03 00:19:11','चालक तथा वाहक उत्तर संच \"क\"','चालक तथा वाहक उत्तर संच &quot;क&quot;','90ca93ed-95a3-41a2-b75c-040e529d39ba.pdf',0,0),(19,' Driver cum conductor answer sheet_Set D','Driver cum conductor answer sheet_Set D','399ed7e7-d1f4-4f5c-a669-0c82d3fc2e08.pdf',5,0,2,'2019-02-24 22:48:02',2,'2019-03-03 00:19:12','चालक तथा वाहक उत्तर संच \"ड \"','चालक तथा वाहक उत्तर संच &quot;ड &quot;','b0072000-ab9e-466b-abf3-ef8824139362.pdf',0,0),(20,'MSCIT or equivalent computer certification information sheet Part 1','MSCIT or equivalent computer certification information sheet Part 1','b63020b9-d7f3-4ef2-bde2-5075ddec4e93.pdf',3,1,2,'2019-03-01 15:34:19',2,'2019-03-01 15:36:00','MSCIT किंवा समकक्ष संगणक अहर्ता माहिती पत्रक भाग १','MSCIT किंवा समकक्ष संगणक अहर्ता माहिती पत्रक भाग १','3a939731-1a69-4872-b2fe-eb1d0fd2852e.pdf',0,0),(21,' MSCIT or equivalent computer certification information sheet Part 2','MSCIT or equivalent computer certification information sheet Part 2','a87a7a63-ae16-4e84-bd85-078f4c8142d0.pdf',3,1,2,'2019-03-01 15:35:05',2,'2019-03-01 15:35:05','MSCIT किंवा समकक्ष संगणक अहर्ता माहिती पत्रक भाग २ ','MSCIT किंवा समकक्ष संगणक अहर्ता माहिती पत्रक भाग २&nbsp;','faaae08f-4984-4ab0-8c47-7f1cf367f96b.pdf',0,0),(22,'Driver Cum Conductor_Marks Display_2019_Aurangabad','<p>Driver Cum Conductor_Marks Display_2019_Aurangabad</p>\n','9c8b3207-3f9d-4cba-999e-3155c302419e.pdf',5,0,2,'2019-03-02 18:49:28',2,'2019-03-06 10:49:57','चालक तथा वाहक_गुण प्रदर्शन_२०१९_औरंगाबाद','<p>चालक तथा वाहक_गुण प्रदर्शन_२०१९_औरंगाबाद</p>\n','3e876c1c-e956-459d-8948-88439d595926.pdf',0,0),(23,'Driver Cum Conductor_Marks Display_2019_Jalna','<p>Driver Cum Conductor_Marks Display_2019_Jalna</p>\n','e5d0f17f-1f66-4b85-a713-7d131d2ee86d.pdf',5,0,2,'2019-03-02 18:52:17',2,'2019-03-06 10:49:56','चालक तथा वाहक_गुण प्रदर्शन_२०१९_जालना ','<p>चालक तथा वाहक_गुण प्रदर्शन_२०१९_जालना</p>\n','9fcc9e76-f120-41b4-a6e7-79309dc7a157.pdf',0,0),(24,'Driver Cum Conductor_Marks Display_2019_Parbhani','<p>Driver Cum Conductor_Marks Display_2019_Parbhani</p>\n','a873dc4b-e124-43ab-85aa-9d3d1e49c809.pdf',5,0,2,'2019-03-02 19:03:44',2,'2019-03-06 10:49:53','चालक तथा वाहक_गुण प्रदर्शन_२०१९_परभणी  ','<p>चालक तथा वाहक_गुण प्रदर्शन_२०१९_परभणी&nbsp;</p>\n','47575eab-7f00-4de1-9ebd-0d0840f43642.pdf',0,0),(25,'Driver Cum Conductor_Marks Display_2019_Amravati','<p>Driver Cum Conductor_Marks Display_2019_Amravati</p>\n','a8cdc521-1a41-4d8e-a51b-f92181d5f865.pdf',5,0,2,'2019-03-02 19:05:45',2,'2019-03-06 10:49:52','चालक तथा वाहक_गुण प्रदर्शन_२०१९_अमरावती ','<p>चालक तथा वाहक_गुण प्रदर्शन_२०१९_अमरावती</p>\n','40038445-164e-45f5-bfeb-29223ec80d15.pdf',0,0),(26,'Driver Cum Conductor_Marks Display_2019_Akola','<p>Driver Cum Conductor_Marks Display_2019_Akola</p>\n','3470f526-0f1a-4db0-a38f-17d950ad232f.pdf',5,0,2,'2019-03-03 00:00:33',2,'2019-03-06 10:49:50','चालक तथा वाहक_गुण प्रदर्शन_२०१९_अकोला','<p>चालक तथा वाहक_गुण प्रदर्शन_२०१९_अकोला</p>\n','80b0911a-cdc9-4fcf-a9d3-689a5778503e.pdf',0,0),(27,'Driver Cum Conductor_Marks Display_2019_Buldana','<p>Driver Cum Conductor_Marks Display_2019_Buldana</p>\n','64802b5b-7152-4816-8ea2-10e08779e7c7.pdf',5,0,2,'2019-03-03 00:02:17',2,'2019-03-06 10:49:46','चालक तथा वाहक_गुण प्रदर्शन_२०१९_बुलडाणा','<p>चालक तथा वाहक_गुण प्रदर्शन_२०१९_बुलडाणा</p>\n','b04b48d5-ad22-45e7-a820-8bab39cc6676.pdf',0,0),(28,'Driver Cum Conductor_Marks Display_2019_Yavatmal  ','<p>Driver Cum Conductor_Marks Display_2019_Yavatmal&nbsp;</p>\n','f7c1fde8-629b-417a-8480-3962f758bc39.pdf',5,0,2,'2019-03-03 00:03:02',2,'2019-03-06 10:50:06','चालक तथा वाहक_गुण प्रदर्शन_२०१९_यवतमाळ','<p>चालक तथा वाहक_गुण प्रदर्शन_२०१९_यवतमाळ</p>\n','f2005a35-9ccb-412f-b4be-ba6ff2bef733.pdf',0,0),(29,'Driver Cum Conductor_Marks Display_2019_Dhule','<p>Driver Cum Conductor_Marks Display_2019_Dhule</p>\n','9f3d7ce8-d6ab-4aaf-a0a4-383d0c0a6b65.pdf',5,0,2,'2019-03-03 00:03:45',2,'2019-03-06 10:50:34','चालक तथा वाहक_गुण प्रदर्शन_२०१९_धुळे','<p>चालक तथा वाहक_गुण प्रदर्शन_२०१९_धुळे</p>\n','e892ed18-f700-42e2-bb6b-056a17531d9e.pdf',0,0),(30,'Driver Cum Conductor_Marks Display_2019_Jalgaon','<p>Driver Cum Conductor_Marks Display_2019_Jalgaon</p>\n','770bece8-fda4-42b1-a1c9-d95c06387c0d.pdf',5,0,2,'2019-03-03 00:04:31',2,'2019-03-06 10:50:37','चालक तथा वाहक_गुण प्रदर्शन_२०१९_जळगाव','<p>चालक तथा वाहक_गुण प्रदर्शन_२०१९_जळगाव</p>\n','c840fae7-e4ed-4127-bdea-f14363b4cb96.pdf',0,0),(31,'Driver Cum Conductor_Marks Display_2019_Nashik ','<p>Driver Cum Conductor_Marks Display_2019_Nashik</p>\n','79997235-498d-4ab8-890b-9cecf34ee0e4.pdf',5,0,2,'2019-03-03 00:05:46',2,'2019-03-06 10:50:30','चालक तथा वाहक_गुण प्रदर्शन_२०१९_नाशिक','<p>चालक तथा वाहक_गुण प्रदर्शन_२०१९_नाशिक</p>\n','3b46220d-d51e-4788-a52d-eddbef798beb.pdf',0,0),(32,'Driver Cum Conductor_Marks Display_2019_Pune','<p>Driver Cum Conductor_Marks Display_2019_Pune</p>\n','4a98fb99-bc92-47d6-a988-3a2ac916da03.pdf',5,0,2,'2019-03-03 00:06:41',2,'2019-03-06 10:50:27','चालक तथा वाहक_गुण प्रदर्शन_२०१९_पुणे ','<p>चालक तथा वाहक_गुण प्रदर्शन_२०१९_पुणे</p>\n','05d4bd2d-0c97-45dd-b60d-58005ea7a304.pdf',0,0),(33,'Driver Cum Conductor_Marks Display_2019_Solapur','<p>Driver Cum Conductor_Marks Display_2019_Solapur</p>\n','16ce54d8-0ae9-48a2-8986-2422f28df62a.pdf',5,0,2,'2019-03-03 00:07:40',2,'2019-03-06 10:50:22','चालक तथा वाहक_गुण प्रदर्शन_२०१९_सोलापुर','<p>चालक तथा वाहक_गुण प्रदर्शन_२०१९_सोलापुर</p>\n','01b9d93b-2362-40bc-b189-b990d70b6ba6.pdf',0,0),(34,'Driver Cum Conductor_Marks Display_2019_Ahmednagar','<p>Driver Cum Conductor_Marks Display_2019_Ahmednagar</p>\n','44b21a91-ee11-49f6-a3ab-88bf1782aef0.pdf',5,0,2,'2019-03-03 00:09:29',2,'2019-03-06 10:50:19','चालक तथा वाहक_गुण प्रदर्शन_२०१९_अहमदनगर','<p>चालक तथा वाहक_गुण प्रदर्शन_२०१९_अहमदनगर</p>\n','6a62402c-95bd-45b8-9a46-f5c43bc1969c.pdf',0,0),(35,'Driver Cum Conductor_Marks Display_2019_Satara','<p>Driver Cum Conductor_Marks Display_2019_Satara</p>\n','cd4bd746-6d49-41e0-a048-ac192fc53aee.pdf',5,0,2,'2019-03-03 00:09:59',2,'2019-03-06 10:50:15','चालक तथा वाहक_गुण प्रदर्शन_२०१९_सातारा ','<p>चालक तथा वाहक_गुण प्रदर्शन_२०१९_सातारा</p>\n','85382a02-8541-42bf-816a-858ec410ca8b.pdf',0,0),(36,'Driver Cum Conductor_Marks Display_2019_Sangli','<p>Driver Cum Conductor_Marks Display_2019_Sangli</p>\n','84729c41-faae-47ef-8467-93785d91a940.pdf',5,0,2,'2019-03-03 00:10:28',2,'2019-03-06 10:50:11','चालक तथा वाहक_गुण प्रदर्शन_२०१९_सांगली  ','<p>चालक तथा वाहक_गुण प्रदर्शन_२०१९_सांगली&nbsp;</p>\n','77de6277-dc2b-4e09-b9f7-6a60a85a854a.pdf',0,0),(37,'Driver Cum Conductor_Marks Display_2019_Kolhapur','<p>Driver Cum Conductor_Marks Display_2019_Kolhapur</p>\n','40848948-25b1-4f4d-89d9-0654eb270d28.pdf',5,0,2,'2019-03-03 00:10:58',2,'2019-03-06 10:49:45','चालक तथा वाहक_गुण प्रदर्शन_२०१९_कोल्हापुर ','<p>चालक तथा वाहक_गुण प्रदर्शन_२०१९_कोल्हापुर</p>\n','d53b4d0f-aa20-49f0-956c-c8779bcf46bf.pdf',0,0),(38,'Driver Cum Conductor_Marks Display_2019_Nagpur','<p>Driver Cum Conductor_Marks Display_2019_Nagpur</p>\n','205139df-2a52-4669-8499-1c8ee4a43bcc.pdf',5,0,2,'2019-03-03 00:11:34',2,'2019-03-06 10:50:55','चालक तथा वाहक_गुण प्रदर्शन_२०१९_नागपुर','<p>चालक तथा वाहक_गुण प्रदर्शन_२०१९_नागपुर</p>\n','31949398-6c15-45f3-aa4f-00c00ef01673.pdf',0,0),(39,'Driver Cum Conductor_Marks Display_2019_Chandrapur','<p>Driver Cum Conductor_Marks Display_2019_Chandrapur</p>\n','3e583bc0-a324-48bc-9bec-83cb57eeadc7.pdf',5,0,2,'2019-03-03 00:12:03',2,'2019-03-06 10:51:00','चालक तथा वाहक_गुण प्रदर्शन_२०१९_चंद्रपुर','<p>चालक तथा वाहक_गुण प्रदर्शन_२०१९_चंद्रपुर</p>\n','1dff3d45-931b-488d-8efc-65440037a225.pdf',0,0),(40,'Driver Cum Conductor_Marks Display_2019_Bhandara','<p>Driver Cum Conductor_Marks Display_2019_Bhandara</p>\n','cfcab8a0-a65b-468e-bea2-7cf0c739d05d.pdf',5,0,2,'2019-03-03 00:12:33',2,'2019-03-06 10:51:05','चालक तथा वाहक_गुण प्रदर्शन_२०१९_भंडारा','<p>चालक तथा वाहक_गुण प्रदर्शन_२०१९_भंडारा</p>\n','0e176f3f-0776-47f4-912f-2fc105ff1639.pdf',0,0),(41,'Driver Cum Conductor_Marks Display_2019_Gadchiroli','<p>Driver Cum Conductor_Marks Display_2019_Gadchiroli</p>\n','3d357a9e-0310-4e3d-8630-4f168848b12a.pdf',5,0,2,'2019-03-03 00:13:04',2,'2019-03-06 10:51:09','चालक तथा वाहक_गुण प्रदर्शन_२०१९_गडचिरोली','<p>चालक तथा वाहक_गुण प्रदर्शन_२०१९_गडचिरोली</p>\n','023d264d-3f4e-4f5b-b882-1f2d244d4521.pdf',0,0),(42,'Driver Cum Conductor_Marks Display_2019_Wardha','<p>Driver Cum Conductor_Marks Display_2019_Wardha</p>\n','21040f56-7473-4e3c-8327-1aa142efd680.pdf',5,0,2,'2019-03-03 00:13:32',2,'2019-03-06 10:51:13','चालक तथा वाहक_गुण प्रदर्शन_२०१९_वर्धा','<p>चालक तथा वाहक_गुण प्रदर्शन_२०१९_वर्धा</p>\n','0d567e90-a6bc-4744-bfc1-7c96d1f9419b.pdf',0,0),(43,'Driver cum conductor revised answer sheet_Set A','Driver cum conductor revised answer sheet_Set A','a3a6dadf-2705-4a4f-bc31-ac189006d373.pdf',5,0,2,'2019-03-03 00:25:13',2,'2019-03-07 10:39:00','चालक तथा वाहक सुधारित उत्तर संच \"अ \"','चालक तथा वाहक सुधारित उत्तर संच &quot;अ &quot;<br />\n&nbsp;','d4c85008-4a73-4c66-b53e-0fefc208c0ea.pdf',0,0),(44,' Driver cum conductor revised answer sheet_Set B','Driver cum conductor revised answer sheet_Set B','2ffed1d5-f066-4004-9e8d-d2c2bcfd4c7d.pdf',5,0,2,'2019-03-03 00:25:45',2,'2019-03-07 10:39:04','चालक तथा वाहक सुधारित उत्तर संच  \"ब \"','चालक तथा वाहक सुधारित उत्तर संच &nbsp;&quot;ब &quot;','b091a325-1cf0-404c-9df6-96fbdc2f529a.pdf',0,0),(45,'Driver cum conductor revised answer sheet_Set C','Driver cum conductor revised answer sheet_Set C','ca61874b-797e-4ba8-9929-ce10b51368b6.pdf',5,0,2,'2019-03-03 00:26:13',2,'2019-03-07 10:39:06','चालक तथा वाहक सुधारित उत्तर संच  \"क\"','चालक तथा वाहक सुधारित उत्तर संच &nbsp;&quot;क&quot;<br />\n&nbsp;','8bd88ca3-f7c6-4123-b9a2-895792af0043.pdf',0,0),(46,' Driver cum conductor revised answer sheet_Set D','Driver cum conductor revised answer sheet_Set D','b3d434b8-7f8f-4541-afbb-2029e34d5189.pdf',5,0,2,'2019-03-03 00:26:41',2,'2019-03-07 10:39:08','चालक तथा वाहक सुधारित उत्तर संच  \"ड \"','चालक तथा वाहक सुधारित उत्तर संच &nbsp;&quot;ड &quot;','df2f9011-c152-4568-9c9c-ace4b0a680f9.pdf',0,0),(68,'Driver cum conductor revised answer sheet_1.2_Set A','<p>Driver cum conductor revised answer sheet_1.2_Set A</p>\n','dd5fd7ca-d63e-4911-b7d2-575f6212b0c8.pdf',5,1,2,'2019-03-07 11:02:39',2,'2019-03-07 19:10:00','चालक तथा वाहक सुधारित उत्तर संच _१.२_\"अ \"','<p>चालक तथा वाहक सुधारित उत्तर संच _१.२_&quot;अ &quot;</p>\n','3b7de7d4-5851-425e-a99b-2081bde29eb0.pdf',0,0),(69,'Driver cum conductor revised answer sheet_1.2_Set B','Driver cum conductor revised answer sheet_1.2_Set B','72f26e45-7146-4a5a-b95d-9eba037c4c50.pdf',5,1,2,'2019-03-07 11:03:28',2,'2019-03-07 19:10:03','चालक तथा वाहक सुधारित उत्तर संच _१.२_\"ब  \"','चालक तथा वाहक सुधारित उत्तर संच _१.२_&quot;ब &nbsp;&quot;','15a16136-cdb4-4d95-88d4-cbeecc849573.pdf',0,0),(70,'Driver cum conductor revised answer sheet_1.2_Set C','Driver cum conductor revised answer sheet_1.2_Set C','3aa86e94-0ac9-4756-bc15-30f75ffe032e.pdf',5,1,2,'2019-03-07 11:04:32',2,'2019-03-07 19:10:08','चालक तथा वाहक सुधारित उत्तर संच _१.२_\"क \"','<p>चालक तथा वाहक सुधारित उत्तर संच _१.२_&quot;क &quot;</p>\n','e27ceeab-02b3-4df9-8667-a33366eb0376.pdf',0,0),(71,'Driver cum conductor revised answer sheet_1.2_Set D','<p>Driver cum conductor revised answer sheet_1.2_Set D</p>\n','9335c030-a1b6-42ec-98e9-5341a5aaad78.pdf',5,1,2,'2019-03-07 11:05:03',2,'2019-03-07 19:10:12','चालक तथा वाहक सुधारित उत्तर संच _१.२_\"ड \"','<p>चालक तथा वाहक सुधारित उत्तर संच _१.२_&quot;ड &quot;</p>\n','2bb2497d-a1a3-49f2-8ebb-cff7cf8d2111.pdf',0,0),(72,'Driver Cum Conductor _List of Eligible Candidates for Document Verification_2019_Ahmednagar','<p>Driver Cum Conductor _List of Eligible Candidates for Document Verification_2019_Ahmednagar</p>\n','baf22b4b-ffa8-49d6-a073-539438072bb5.pdf',5,1,2,'2019-03-07 17:33:51',2,'2019-03-12 13:15:58','चालक तथा वाहक_कागद पडताळणी साठी पात्र उमेदवारांची यादी - २०१९_अहमदनगर','<p>चालक तथा वाहक_कागद पडताळणी साठी पात्र उमेदवारांची यादी - २०१९_अहमदनगर</p>\n','237c4945-d795-42c5-9559-e125c318a9d4.pdf',0,0),(73,'Driver Cum Conductor _List of Eligible Candidates for Document Verification_2019_Akola','<p>Driver Cum Conductor _List of Eligible Candidates for Document Verification_2019_Akola</p>\n','46d56562-48d8-41ac-92b5-3445b412b606.pdf',5,1,2,'2019-03-07 17:35:08',2,'2019-03-08 18:18:42','चालक तथा वाहक_कागद पडताळणी साठी पात्र उमेदवारांची यादी - २०१९_अकोला','चालक तथा वाहक_कागद पडताळणी साठी पात्र उमेदवारांची यादी - २०१९_अकोला','aa69ef90-8080-42ab-9395-f0f2d7baf0e5.pdf',0,0),(74,'Driver Cum Conductor _List of Eligible Candidates for Document Verification_2019_Amravati','<p>Driver Cum Conductor _List of Eligible Candidates for Document Verification_2019_Amravati</p>\n','8077f90a-8e48-40be-9732-8449e376e9ed.pdf',5,1,2,'2019-03-07 17:36:00',2,'2019-03-11 16:43:11','चालक तथा वाहक_कागद पडताळणी साठी पात्र उमेदवारांची यादी - २०१९_अमरावती ','चालक तथा वाहक_कागद पडताळणी साठी पात्र उमेदवारांची यादी - २०१९_अमरावती','49e89945-0b48-4ac8-bee0-d23eaa70daa9.pdf',0,0),(75,'Driver Cum Conductor _List of Eligible Candidates for Document Verification_2019_Aurangabad','<p>Driver Cum Conductor _List of Eligible Candidates for Document Verification_2019_Aurangabad</p>\n','c629d076-55df-41e6-9905-31c82f2f785a.pdf',5,1,2,'2019-03-07 17:37:10',2,'2019-03-08 18:18:05','चालक तथा वाहक_कागद पडताळणी साठी पात्र उमेदवारांची यादी - २०१९_औरंगाबाद','चालक तथा वाहक_कागद पडताळणी साठी पात्र उमेदवारांची यादी - २०१९_औरंगाबाद','8b48879c-249e-4553-8b89-2c9d5b30a2cf.pdf',0,0),(76,'Driver Cum Conductor _List of Eligible Candidates for Document Verification_2019_Bhandara','<p>Driver Cum Conductor _List of Eligible Candidates for Document Verification_2019_Bhandara</p>\n','6b9b1da9-23d2-448e-8900-8f6637ffc66d.pdf',5,1,2,'2019-03-07 17:39:02',2,'2019-03-14 17:12:05','चालक तथा वाहक_कागद पडताळणी साठी पात्र उमेदवारांची यादी - २०१९_भंडारा','<p>चालक तथा वाहक_कागद पडताळणी साठी पात्र उमेदवारांची यादी - २०१९_भंडारा</p>\n','1cf2ba14-f6e9-462f-9287-0d8f1ca5af09.pdf',0,0),(77,'Driver Cum Conductor _List of Eligible Candidates for Document Verification_2019_Buldana','<p>Driver Cum Conductor _List of Eligible Candidates for Document Verification_2019_Buldana</p>\n','5c6c352d-3937-4d4c-ad85-84558884fc11.pdf',5,1,2,'2019-03-07 17:40:35',2,'2019-03-11 16:45:07','चालक तथा वाहक_कागद पडताळणी साठी पात्र उमेदवारांची यादी - २०१९_बुलडाणा','<p>चालक तथा वाहक_कागद पडताळणी साठी पात्र उमेदवारांची यादी - २०१९_बुलडाणा</p>\n','5b54516b-35ff-45e9-891c-5832f80c502a.pdf',0,0),(78,'Driver Cum Conductor _List of Eligible Candidates for Document Verification_2019_Chandrapur','Driver Cum Conductor _List of Eligible Candidates for Document Verification_2019_Chandrapur','32b8d89c-a034-4a7d-a92b-dc223ba0c0e1.pdf',5,1,2,'2019-03-07 17:41:36',2,'2019-03-11 16:45:30','चालक तथा वाहक_कागद पडताळणी साठी पात्र उमेदवारांची यादी - २०१९_चंद्रपुर','<p>चालक तथा वाहक_कागद पडताळणी साठी पात्र उमेदवारांची यादी - २०१९_चंद्रपुर</p>\n','f2ae9be1-57e8-428a-a645-02ef52a51f9c.pdf',0,0),(79,'Driver Cum Conductor _List of Eligible Candidates for Document Verification_2019_Dhule','<p>Driver Cum Conductor _List of Eligible Candidates for Document Verification_2019_Dhule</p>\n','efa60cc4-c245-4789-8580-2b9a0b344c8c.pdf',5,1,2,'2019-03-07 17:53:51',2,'2019-03-14 17:12:28','चालक तथा वाहक_कागद पडताळणी साठी पात्र उमेदवारांची यादी - २०१९_धुळे','<p>चालक तथा वाहक_कागद पडताळणी साठी पात्र उमेदवारांची यादी - २०१९_धुळे</p>\n','29322f6f-d56c-4761-8563-a79aee68c03a.pdf',0,0),(80,'Driver Cum Conductor _List of Eligible Candidates for Document Verification_2019_Gadchiroli','<p>Driver Cum Conductor _List of Eligible Candidates for Document Verification_2019_Gadchiroli</p>\n','3cc9e39a-5305-4aac-9482-e98141ad4993.pdf',5,1,2,'2019-03-07 17:54:40',2,'2019-03-08 18:16:36','चालक तथा वाहक_कागद पडताळणी साठी पात्र उमेदवारांची यादी - २०१९_गडचिरोली','चालक तथा वाहक_कागद पडताळणी साठी पात्र उमेदवारांची यादी - २०१९_गडचिरोली','2ecd62dd-b3ab-44d9-8dee-e6773f64db1f.pdf',0,0),(81,'Driver Cum Conductor _List of Eligible Candidates for Document Verification_2019_Jalgaon','<p>Driver Cum Conductor _List of Eligible Candidates for Document Verification_2019_Jalgaon</p>\n','7b46d94c-63a5-4719-8acf-da0cea755ff1.pdf',5,1,2,'2019-03-07 17:55:22',2,'2019-03-12 14:36:13','चालक तथा वाहक_कागद पडताळणी साठी पात्र उमेदवारांची यादी - २०१९_जळगाव','चालक तथा वाहक_कागद पडताळणी साठी पात्र उमेदवारांची यादी - २०१९_जळगाव','39e834f7-03b2-498a-94bf-0ab35061290e.pdf',0,0),(82,'Driver Cum Conductor _List of Eligible Candidates for Document Verification_2019_Jalna','<p>Driver Cum Conductor _List of Eligible Candidates for Document Verification_2019_Jalna</p>\n','88d0cedc-63ae-481c-9729-50280bbda406.pdf',5,1,2,'2019-03-07 17:55:54',2,'2019-03-11 16:47:18','चालक तथा वाहक_कागद पडताळणी साठी पात्र उमेदवारांची यादी - २०१९_जालना ','<p>चालक तथा वाहक_कागद पडताळणी साठी पात्र उमेदवारांची यादी - २०१९_जालना</p>\n','a54f4ccf-205b-49a3-a25c-0cfa2364edcc.pdf',0,0),(83,'Driver Cum Conductor _List of Eligible Candidates for Document Verification_2019_Kolhapur','<p>Driver Cum Conductor _List of Eligible Candidates for Document Verification_2019_Kolhapur</p>\n','5a11a7c6-13d7-4416-9bf0-93ea86fa9e83.pdf',5,1,2,'2019-03-07 17:56:36',2,'2019-03-11 16:47:40','चालक तथा वाहक_कागद पडताळणी साठी पात्र उमेदवारांची यादी - २०१९_कोल्हापुर ','<p>चालक तथा वाहक_कागद पडताळणी साठी पात्र उमेदवारांची यादी - २०१९_कोल्हापुर</p>\n','de23e8c9-eb6b-4f8d-a43a-873c2d720817.pdf',0,0),(84,'Driver Cum Conductor _List of Eligible Candidates for Document Verification_2019_Nagpur','<p>Driver Cum Conductor _List of Eligible Candidates for Document Verification_2019_Nagpur</p>\n','4f61227a-3d7f-47f5-b6f8-77283b240f59.pdf',5,1,2,'2019-03-07 17:57:23',2,'2019-03-14 17:13:02','चालक तथा वाहक_कागद पडताळणी साठी पात्र उमेदवारांची यादी - २०१९_नागपुर','चालक तथा वाहक_कागद पडताळणी साठी पात्र उमेदवारांची यादी - २०१९_नागपुर','9895e3af-3636-478b-8d94-dc643ad49b16.pdf',0,0),(85,'Driver Cum Conductor _List of Eligible Candidates for Document Verification_2019_Nashik ','<p>Driver Cum Conductor _List of Eligible Candidates for Document Verification_2019_Nashik</p>\n','c3aa5b55-5014-4f4b-bb91-ba43c7b5eb3e.pdf',5,1,2,'2019-03-07 17:58:00',2,'2019-03-11 16:48:18','चालक तथा वाहक_कागद पडताळणी साठी पात्र उमेदवारांची यादी - २०१९_नाशिक','चालक तथा वाहक_कागद पडताळणी साठी पात्र उमेदवारांची यादी - २०१९_नाशिक','64540b48-3f2f-4643-a263-a1511e889894.pdf',0,0),(86,'Driver Cum Conductor _List of Eligible Candidates for Document Verification_2019_Parbhani','<p>Driver Cum Conductor _List of Eligible Candidates for Document Verification_2019_Parbhani</p>\n','00ec58a8-65b9-457d-8cf2-3521b5be8c91.pdf',5,1,2,'2019-03-07 17:58:57',2,'2019-03-28 15:28:30','चालक तथा वाहक_कागद पडताळणी साठी पात्र उमेदवारांची यादी - २०१९_परभणी  ','चालक तथा वाहक_कागद पडताळणी साठी पात्र उमेदवारांची यादी - २०१९_परभणी&nbsp;','abd95918-9308-40f8-b8eb-a26637a9b652.pdf',0,0),(87,'Driver Cum Conductor _List of Eligible Candidates for Document Verification_2019_Pune','<p>Driver Cum Conductor _List of Eligible Candidates for Document Verification_2019_Pune</p>\n','253d0552-cbdf-4f3f-9fc4-5c2c1dc7872f.pdf',5,1,2,'2019-03-07 17:59:48',2,'2019-03-08 18:13:17','चालक तथा वाहक_कागद पडताळणी साठी पात्र उमेदवारांची यादी - २०१९_पुणे ','<p>चालक तथा वाहक_कागद पडताळणी साठी पात्र उमेदवारांची यादी - २०१९_पुणे</p>\n','def15e6d-0f07-4e90-815d-087352c482ca.pdf',0,0),(88,'Driver Cum Conductor _List of Eligible Candidates for Document Verification_2019_Sangli','<p>Driver Cum Conductor _List of Eligible Candidates for Document Verification_2019_Sangli</p>\n','ab8e157d-d0fc-45b7-b0fd-f4e769ec50a0.pdf',5,1,2,'2019-03-07 18:00:43',2,'2019-03-11 16:50:35','चालक तथा वाहक_कागद पडताळणी साठी पात्र उमेदवारांची यादी - २०१९_सांगली  ','<p>चालक तथा वाहक_कागद पडताळणी साठी पात्र उमेदवारांची यादी - २०१९_सांगली&nbsp;</p>\n','b1e5d6a4-fca2-4db3-9b41-c44311113c7f.pdf',0,0),(89,'Driver Cum Conductor _List of Eligible Candidates for Document Verification_2019_Satara','<p>Driver Cum Conductor _List of Eligible Candidates for Document Verification_2019_Satara</p>\n','e228e74d-43ba-4f81-b16e-50328e53d543.pdf',5,1,2,'2019-03-07 18:01:40',2,'2019-03-12 12:09:04','चालक तथा वाहक_कागद पडताळणी साठी पात्र उमेदवारांची यादी - २०१९_सातारा ','<p>चालक तथा वाहक_कागद पडताळणी साठी पात्र उमेदवारांची यादी - २०१९_सातारा</p>\n','d33ddd8a-3143-4dab-8241-bc9e32bbfc79.pdf',0,0),(90,'Driver Cum Conductor _List of Eligible Candidates for Document Verification_2019_Solapur','<p>Driver Cum Conductor _List of Eligible Candidates for Document Verification_2019_Solapur</p>\n','9c83c270-b5f5-4bf7-8f25-e27ba0db0ba9.pdf',5,1,2,'2019-03-07 18:02:22',2,'2019-03-28 11:52:22','चालक तथा वाहक_कागद पडताळणी साठी पात्र उमेदवारांची यादी - २०१९_सोलापुर','<p>चालक तथा वाहक_कागद पडताळणी साठी पात्र उमेदवारांची यादी - २०१९_सोलापुर</p>\n','49ac0028-d7c4-412f-8e5b-e31da431660d.pdf',0,0),(91,'Driver Cum Conductor _List of Eligible Candidates for Document Verification_2019_Wardha','<p>Driver Cum Conductor _List of Eligible Candidates for Document Verification_2019_Wardha</p>\n','d0b5345e-d2ef-45e2-afa2-0d02994d015f.pdf',5,1,2,'2019-03-07 18:02:54',2,'2019-03-14 10:50:52','चालक तथा वाहक_कागद पडताळणी साठी पात्र उमेदवारांची यादी - २०१९_वर्धा','<p>चालक तथा वाहक_कागद पडताळणी साठी पात्र उमेदवारांची यादी - २०१९_वर्धा</p>\n','0fb344ea-13f5-4596-bd3b-c0d1d82e38dd.pdf',0,0),(92,'Driver Cum Conductor _List of Eligible Candidates for Document Verification_2019_Yavatmal  ','<p>Driver Cum Conductor _List of Eligible Candidates for Document Verification_2019_Yavatmal&nbsp;</p>\n','b726add8-6370-4bad-a82a-d9fbdc9614da.pdf',5,1,2,'2019-03-07 18:03:30',2,'2019-03-08 18:09:59','चालक तथा वाहक_कागद पडताळणी साठी पात्र उमेदवारांची यादी - २०१९_यवतमाळ','<p>चालक तथा वाहक_कागद पडताळणी साठी पात्र उमेदवारांची यादी - २०१९_यवतमाळ</p>\n','67fb0d3d-12fb-4dce-843e-7b3944cf6dab.pdf',0,0),(93,'Driver Cum Conductor _Fail Candidates List-2019_Aurangabad','<p>Driver Cum Conductor _Fail Candidates List-2019_Aurangabad</p>\n','fd6864b7-4e16-4d63-9e9c-b6868dd0379a.pdf',5,1,2,'2019-03-07 18:31:36',2,'2019-03-08 18:07:14','चालक तथा वाहक_ नापास उमेदवारांची यादी - २०१९_औरंगाबाद','<p>चालक तथा वाहक_ नापास उमेदवारांची यादी - २०१९_औरंगाबाद</p>\n','aca0829d-5889-4460-882f-6f9b9277fd83.pdf',0,0),(94,'Driver Cum Conductor _Fail Candidates List-2019__Amravati','<p>Driver Cum Conductor _Fail Candidates List-2019__Amravati</p>\n','c785ce86-4b4b-4f0a-a2d0-96db5d9c57b4.pdf',5,1,2,'2019-03-07 18:32:25',2,'2019-03-08 18:06:47','चालक तथा वाहक_ नापास उमेदवारांची यादी - २०१९_अमरावती ','<p>चालक तथा वाहक_ नापास उमेदवारांची यादी - २०१९_अमरावती</p>\n','7dad191a-31ef-4f43-82cb-28f2d9c068b7.pdf',0,0),(95,'Driver Cum Conductor _Fail Candidates List-2019__Akola','<p>Driver Cum Conductor _Fail Candidates List-2019__Akola</p>\n','cdab8646-988e-4dfc-831b-37610d972bbb.pdf',5,1,2,'2019-03-07 18:34:14',2,'2019-03-08 18:05:35','चालक तथा वाहक_ नापास उमेदवारांची यादी - २०१९_अकोला','<p>चालक तथा वाहक_ नापास उमेदवारांची यादी - २०१९_अकोला</p>\n','7914a081-a8c2-436e-937b-f4c9daee37a1.pdf',0,0),(96,'Driver Cum Conductor _Fail Candidates List-2019__Ahmednagar','<p>Driver Cum Conductor _Fail Candidates List-2019__Ahmednagar</p>\n','d684ada3-cf28-4395-a1cf-ecc12d78d3b4.pdf',5,1,2,'2019-03-07 18:36:22',2,'2019-03-08 18:05:05','चालक तथा वाहक_ नापास उमेदवारांची यादी - २०१९_अहमदनगर','<p>चालक तथा वाहक_ नापास उमेदवारांची यादी - २०१९_अहमदनगर</p>\n','32746e70-f6e4-4209-9ce6-3331ba77c5ab.pdf',0,0),(97,'Driver Cum Conductor _Fail Candidates List-2019__Buldana','<p>Driver Cum Conductor _Fail Candidates List-2019__Buldana</p>\n','a8b27455-7aad-46c4-a9ed-a7ef86f08a20.pdf',5,1,2,'2019-03-07 18:37:41',2,'2019-03-08 18:04:31','चालक तथा वाहक_ नापास उमेदवारांची यादी - २०१९_बुलडाणा','<p>चालक तथा वाहक_ नापास उमेदवारांची यादी - २०१९_बुलडाणा</p>\n','bfb74947-1dfa-435a-87fc-c666c3838e0d.pdf',0,0),(98,'Driver Cum Conductor _Fail Candidates List-2019__Chandrapur','<p>Driver Cum Conductor _Fail Candidates List-2019__Chandrapur</p>\n','44055d9a-8260-4ec6-bfae-8aa297860c8d.pdf',5,1,2,'2019-03-07 18:51:15',2,'2019-03-08 18:03:59','चालक तथा वाहक_ नापास उमेदवारांची यादी - २०१९_चंद्रपुर','<p>चालक तथा वाहक_ नापास उमेदवारांची यादी - २०१९_चंद्रपुर</p>\n','bed39311-f56c-42ac-a356-06ca1b0bcaba.pdf',0,0),(99,'Driver Cum Conductor _Fail Candidates List-2019__Bhandara','<p>Driver Cum Conductor _Fail Candidates List-2019__Bhandara</p>\n','c894492d-7325-46ab-abfc-216dde3e7b8e.pdf',5,1,2,'2019-03-07 18:56:36',2,'2019-03-08 18:03:32','चालक तथा वाहक_ नापास उमेदवारांची यादी - २०१९_भंडारा','<p>चालक तथा वाहक_ नापास उमेदवारांची यादी - २०१९_भंडारा</p>\n','6da1e73a-c3e1-428a-92d9-02f1db4581a5.pdf',0,0),(100,'Driver Cum Conductor _Fail Candidates List-2019__Jalna','<p>Driver Cum Conductor _Fail Candidates List-2019__Jalna</p>\n','cac0a9ee-4536-471b-94a1-fb6a67c9ab77.pdf',5,1,2,'2019-03-07 18:57:36',2,'2019-03-08 18:03:04','चालक तथा वाहक_ नापास उमेदवारांची यादी - २०१९_जालना ','<p>चालक तथा वाहक_ नापास उमेदवारांची यादी - २०१९_जालना</p>\n','1bb6e768-58cd-48a7-adae-5cdf304cbc75.pdf',0,0),(101,'Driver Cum Conductor _Fail Candidates List-2019__Parbhani','<p>Driver Cum Conductor _Fail Candidates List-2019__Parbhani</p>\n','4e609f07-061b-4a63-a839-86376d456c93.pdf',5,1,2,'2019-03-07 19:00:13',2,'2019-03-08 18:02:20','चालक तथा वाहक_ नापास उमेदवारांची यादी - २०१९_परभणी  ','<p>चालक तथा वाहक_ नापास उमेदवारांची यादी - २०१९_परभणी&nbsp;</p>\n','2b67968b-36ea-4894-a0c7-c0d5884b1b0b.pdf',0,0),(102,'Driver Cum Conductor _Fail Candidates List-2019__Yavatmal  ','<p>Driver Cum Conductor _Fail Candidates List-2019__Yavatmal&nbsp;</p>\n','6942ba2a-9607-478c-b378-aef728ac0a41.pdf',5,1,2,'2019-03-07 19:00:46',2,'2019-03-08 18:01:49','चालक तथा वाहक_ नापास उमेदवारांची यादी - २०१९_यवतमाळ','<p>चालक तथा वाहक_ नापास उमेदवारांची यादी - २०१९_यवतमाळ</p>\n','fa6809ff-4eb2-4f38-87b2-b0dcd86cdef8.pdf',0,0),(103,'Driver Cum Conductor _Fail Candidates List-2019__Dhule','<p>Driver Cum Conductor _Fail Candidates List-2019__Dhule</p>\n','9a4c7945-d4a9-40de-8982-4466536efafb.pdf',5,1,2,'2019-03-07 19:01:21',2,'2019-03-08 18:01:25','चालक तथा वाहक_ नापास उमेदवारांची यादी - २०१९_धुळे','चालक तथा वाहक_ नापास उमेदवारांची यादी - २०१९_धुळे','88832380-806f-4e26-aad3-e6fd787c00d0.pdf',0,0),(104,'Driver Cum Conductor _Fail Candidates List-2019__Jalgaon','<p>Driver Cum Conductor _Fail Candidates List-2019__Jalgaon</p>\n','2c69e00a-9d58-45a1-b70b-07838175d6ab.pdf',5,1,2,'2019-03-07 19:02:03',2,'2019-03-08 18:01:07','चालक तथा वाहक_ नापास उमेदवारांची यादी - २०१९_जळगाव','<p>चालक तथा वाहक_ नापास उमेदवारांची यादी - २०१९_जळगाव</p>\n','4dccd290-c093-41eb-a8a7-636f0186a093.pdf',0,0),(105,'Driver Cum Conductor _Fail Candidates List-2019__Nashik ','<p>Driver Cum Conductor _Fail Candidates List-2019__Nashik</p>\n','6f194c09-3fd9-4eec-a9ff-d330fc56cb96.pdf',5,1,2,'2019-03-07 19:02:37',2,'2019-03-08 18:00:44','चालक तथा वाहक_ नापास उमेदवारांची यादी - २०१९_नाशिक','<p>चालक तथा वाहक_ नापास उमेदवारांची यादी - २०१९_नाशिक</p>\n','01ff544b-23a8-4789-bfa3-989bc80b4f7d.pdf',0,0),(106,'Driver Cum Conductor _Fail Candidates List-2019__Pune','<p>Driver Cum Conductor _Fail Candidates List-2019__Pune</p>\n','22e3e03d-8de0-4587-8491-ce0acf26f711.pdf',5,1,2,'2019-03-07 19:03:17',2,'2019-03-08 18:00:17','चालक तथा वाहक_ नापास उमेदवारांची यादी - २०१९_पुणे ','<p>चालक तथा वाहक_ नापास उमेदवारांची यादी - २०१९_पुणे</p>\n','56f136b4-5966-4084-a00b-915c6360a4cb.pdf',0,0),(107,'Driver Cum Conductor _Fail Candidates List-2019__Solapur','<p>Driver Cum Conductor _Fail Candidates List-2019__Solapur</p>\n','fb10b6db-7ffd-42ee-b2fb-adbd3399bedc.pdf',5,1,2,'2019-03-07 19:04:31',2,'2019-03-08 17:59:55','चालक तथा वाहक_ नापास उमेदवारांची यादी - २०१९_सोलापुर','<p>चालक तथा वाहक_ नापास उमेदवारांची यादी - २०१९_सोलापुर</p>\n','66b5add3-7ca2-4d1e-8a7b-27fdac0c4215.pdf',0,0),(108,'Driver Cum Conductor _Fail Candidates List-2019__Satara','<p>Driver Cum Conductor _Fail Candidates List-2019__Satara</p>\n','4bf70721-3c43-4dca-9815-cab5c753a556.pdf',5,1,2,'2019-03-07 19:05:01',2,'2019-03-08 17:59:27','चालक तथा वाहक_ नापास उमेदवारांची यादी - २०१९_सातारा ','<p>चालक तथा वाहक_ नापास उमेदवारांची यादी - २०१९_सातारा</p>\n','9db8bf20-8718-4723-b233-84375ab20023.pdf',0,0),(109,'Driver Cum Conductor _Fail Candidates List-2019__Sangli','<p>Driver Cum Conductor _Fail Candidates List-2019__Sangli</p>\n','162325bb-f9d9-44ac-a303-c47e38b59977.pdf',5,1,2,'2019-03-07 19:05:35',2,'2019-03-08 17:58:44','चालक तथा वाहक_ नापास उमेदवारांची यादी - २०१९_सांगली  ','<p>चालक तथा वाहक_ नापास उमेदवारांची यादी - २०१९_सांगली&nbsp;</p>\n','a987ea09-921d-463f-9273-a07cd025d530.pdf',0,0),(110,'Driver Cum Conductor _Fail Candidates List-2019__Kolhapur','<p>Driver Cum Conductor _Fail Candidates List-2019__Kolhapur</p>\n','a3090086-92e9-4fe9-8ac1-cb98b12ef732.pdf',5,1,2,'2019-03-07 19:06:05',2,'2019-03-08 17:58:21','चालक तथा वाहक_ नापास उमेदवारांची यादी - २०१९_कोल्हापुर ','<p>चालक तथा वाहक_ नापास उमेदवारांची यादी - २०१९_कोल्हापुर</p>\n','bd1ce527-3346-4153-920d-ae3b3ead1055.pdf',0,0),(111,'Driver Cum Conductor _Fail Candidates List-2019__Nagpur','<p>Driver Cum Conductor _Fail Candidates List-2019__Nagpur</p>\n','28639d24-9976-488a-a32b-ee158797920e.pdf',5,1,2,'2019-03-07 19:06:43',2,'2019-03-08 17:57:41','चालक तथा वाहक_ नापास उमेदवारांची यादी - २०१९_नागपुर','<p>चालक तथा वाहक_ नापास उमेदवारांची यादी - २०१९_नागपुर</p>\n','07ade1e1-d763-494f-9407-58f1a0171d56.pdf',0,0),(112,'Driver Cum Conductor _Fail Candidates List-2019__Gadchiroli','<p>Driver Cum Conductor _Fail Candidates List-2019__Gadchiroli</p>\n','e3e77941-3e5c-4b2f-aaeb-e4ae3423b2cd.pdf',5,1,2,'2019-03-07 19:07:56',2,'2019-03-08 17:57:14','चालक तथा वाहक_ नापास उमेदवारांची यादी - २०१९_गडचिरोली','<p>चालक तथा वाहक_ नापास उमेदवारांची यादी - २०१९_गडचिरोली</p>\n','66b6a2ee-6838-4ce9-8c58-3bf34a4854ff.pdf',0,0),(113,'Driver Cum Conductor _Fail Candidates List-2019__Wardha','<p>Driver Cum Conductor _Fail Candidates List-2019__Wardha</p>\n','db831fdd-758a-405d-8f2c-09835c40e2da.pdf',5,1,2,'2019-03-07 19:08:33',2,'2019-03-08 17:56:22','चालक तथा वाहक_ नापास उमेदवारांची यादी - २०१९_वर्धा','<p>चालक तथा वाहक_ नापास उमेदवारांची यादी - २०१९_वर्धा</p>\n','e63767c6-4650-4cbe-ba84-e2fb40e9fa6c.pdf',0,0),(114,'Division controller female section list','Division controller female section list','d368b881-19da-4f71-b160-97ed3044b3f0.pdf',5,1,2,'2019-03-08 14:29:16',2,'2019-03-08 14:29:16','विभाग नियंत्रक महिला निवड यादी ','विभाग नियंत्रक महिला निवड यादी&nbsp;','78a887f7-3ec5-4f91-afe6-1e0d1ce566b4.pdf',0,0),(115,'Document verification time table_Bhandara','Document verification time table_Bhandara','2d0aca3e-5bd9-4b5e-a809-19684a1f8bca.pdf',4,1,2,'2019-04-05 15:49:52',2,'2019-04-05 15:49:52','कागद पत्र पडताळणी वेळा पत्रक - भंडारा','कागद पत्र पडताळणी वेळा पत्रक - भंडारा','bf55f303-22ec-4903-a0c2-7e871a69459f.pdf',0,0),(116,'Document verification time table_Amravati','Document verification time table_Amravati','0c41659a-4b7e-469e-bbcb-b0c416ffa1d2.pdf',4,1,2,'2019-04-05 15:52:56',2,'2019-04-05 15:52:56','कागद पत्र पडताळणी वेळा पत्रक - अमरावती ','कागद पत्र पडताळणी वेळा पत्रक - अमरावती&nbsp;','bdbb5e79-0118-4132-aa1a-3dd69db6832b.pdf',0,0),(117,'Document verification time table_Aurangabad','Document verification time table_Aurangabad','818bf51a-8a29-47fd-a703-e58822d65e9b.pdf',4,1,2,'2019-04-05 17:08:11',2,'2019-04-05 17:08:11','कागद पत्र पडताळणी वेळा पत्रक - औरंगाबाद  ','कागद पत्र पडताळणी वेळा पत्रक - औरंगाबाद &nbsp;','fa3b4cc8-9da7-49d8-b457-370a8d781018.pdf',0,0),(118,'Document verification time table_Ahmednagar','Document verification time table_Ahmednagar','7359f854-6eb4-4a5a-afae-cd04d67db16a.pdf',4,1,2,'2019-04-05 17:27:09',2,'2019-04-05 17:27:09','कागद पत्र पडताळणी वेळा पत्रक - अहमदनगर   ','कागद पत्र पडताळणी वेळा पत्रक - अहमदनगर&nbsp;','b461f21e-968f-4cfc-9126-cd776dadd63d.pdf',0,0),(119,'Document verification time table_Chandrpur','Document verification time table_Chandrpur','0b078a66-6e48-4dde-af66-3d95b74a7b08.pdf',4,1,2,'2019-04-05 17:42:21',2,'2019-04-05 17:42:21','कागद पत्र पडताळणी वेळा पत्रक - चंद्रपूर   ','कागद पत्र पडताळणी वेळा पत्रक - चंद्रपूर &nbsp;&nbsp;','c4cd7487-4859-4ae7-867b-ce860ed0075c.pdf',0,0),(120,'Document verification time table_Akola','Document verification time table_Akola','498be886-cd46-4ced-9d66-c9a3a367a420.pdf',4,1,2,'2019-04-08 11:21:57',2,'2019-04-08 11:21:57','कागद पत्र पडताळणी वेळा पत्रक - अकोला ','कागद पत्र पडताळणी वेळा पत्रक - अकोला&nbsp;','d2e28aa7-014c-432f-9c83-2299f64af97b.pdf',0,0),(121,'Document verification time table_Sangali','Document verification time table_Sangali','38302d9b-ee80-4d84-83e8-9b343a7f0f18.pdf',4,1,2,'2019-04-08 11:47:29',2,'2019-04-08 11:47:29','कागद पत्र पडताळणी वेळा पत्रक - सांगली  ','कागद पत्र पडताळणी वेळा पत्रक - सांगली &nbsp;','7e4b7be2-0768-4323-b61e-1a7e5412ec2f.pdf',0,0),(122,'Document verification time table_Parbhani','Document verification time table_Parbhani','bce3fd69-0ad0-422d-9875-e0eef416e71d.pdf',4,1,2,'2019-04-08 11:52:06',2,'2019-04-08 11:52:06','कागद पत्र पडताळणी वेळा पत्रक - परभणी','कागद पत्र पडताळणी वेळा पत्रक - परभणी','9fce390f-2283-4367-8f3a-6d669022a0f6.pdf',0,0),(123,'Document verification time table_Nashik','Document verification time table_Nashik','e72d710a-f5a9-4b04-b544-e163c9cd9373.pdf',4,1,2,'2019-04-08 12:09:03',2,'2019-04-08 13:40:51','कागद पत्र पडताळणी वेळा पत्रक - नाशिक ','कागद पत्र पडताळणी वेळा पत्रक - नाशिक&nbsp;','cb4ec95a-1173-451f-b041-150848c16353.pdf',0,0),(124,'Document verification time table_Jalna','Document verification time table_Jalna','ae886e9e-1262-4366-b8b2-5f84555b0858.pdf',4,1,2,'2019-04-08 13:18:49',2,'2019-04-08 13:18:49','कागद पत्र पडताळणी वेळा पत्रक - जालना ','कागद पत्र पडताळणी वेळा पत्रक - जालना&nbsp;','9a458a57-da4e-4728-a061-56b2859df012.pdf',0,0),(125,'Document verification time table_Buldana','Document verification time table_Buldhana','98248cf1-a080-4e3e-be13-7621dbac00f0.pdf',4,1,2,'2019-04-08 15:27:33',2,'2019-04-08 15:27:33','कागद पत्र पडताळणी वेळा पत्रक - बुलडाणा ','कागद पत्र पडताळणी वेळा पत्रक - बुलडाणा&nbsp;','4d77a34d-f53a-404f-ba8a-690eb21584c4.pdf',0,0),(126,'Document verification time table_Nagpur','Document verification time table_Nagpur','bc94bdbf-c09b-4d5c-93eb-840e512b2cd6.pdf',4,1,2,'2019-04-09 12:37:03',2,'2019-04-09 12:37:03','कागद पत्र पडताळणी वेळा पत्रक - नागपूर ','कागद पत्र पडताळणी वेळा पत्रक - नागपूर&nbsp;','84df78c9-eb8c-4959-95ef-02ae8afb75e3.pdf',0,0),(127,'Document verification time table_Kolhapur','Document verification time table_Kolhapur','c05bbd22-993d-4d25-b564-57a5ebb48f7b.pdf',4,1,3,'2019-04-09 17:47:53',3,'2019-04-09 17:47:53','कागद पत्र पडताळणी वेळा पत्रक - कोल्हापूर ','कागद पत्र पडताळणी वेळा पत्रक - कोल्हापूर&nbsp;','f10ed47d-9ced-41c3-98e0-b3bb7bcc5138.pdf',0,0),(128,'Document verification time table_Satara','Document verification time table_Satara','e76399c4-b236-429c-b1d8-cfc241be67fb.pdf',4,1,3,'2019-04-10 12:53:37',3,'2019-04-10 12:53:37','कागद पत्र पडताळणी वेळा पत्रक - सातारा ','कागद पत्र पडताळणी वेळा पत्रक - सातारा&nbsp;','5317a3c1-227c-4031-ad80-ae161861287f.pdf',0,0),(129,'Document verification time table_Yavatmal','Document verification time table_Yavatmal','c1b15ba5-f70c-4bbd-aa8d-f2b7ad2e4eea.pdf',4,1,2,'2019-04-10 14:40:36',3,'2019-04-10 15:28:41','कागद पत्र पडताळणी वेळा पत्रक - यवतमाळ  ','कागद पत्र पडताळणी वेळा पत्रक - यवतमाळ &nbsp;','7b2c2cc6-01e9-4864-af58-1bfc01dff4b6.pdf',0,0),(130,'Document verification time table_Gadchiroli','Document verification time table_Gadchiroli','052e579d-dbaa-49a8-a3ba-6cad3f68bafa.pdf',4,1,3,'2019-04-10 16:01:01',3,'2019-04-10 16:01:01','कागद पत्र पडताळणी वेळा पत्रक - गडचिरोली','कागद पत्र पडताळणी वेळा पत्रक - गडचिरोली','91b306a1-cbb1-45a3-9f54-d1fdabd08d8b.pdf',0,0),(131,'Document verification time table_Dhule','Document verification time table_Dhule','ad3bd3bf-9cfc-42a9-968d-423f06256fb8.pdf',4,1,2,'2019-04-11 11:46:33',2,'2019-04-11 11:46:33','कागद पत्र पडताळणी वेळा पत्रक - धुळे ','कागद पत्र पडताळणी वेळा पत्रक - धुळे&nbsp;','4044bc49-cc0d-47f1-829d-49f212339fad.pdf',0,0),(132,'Document verification time table_Wardha','Document verification time table_Wardha','04d17d5b-f3bf-4bb9-a77c-6476d9121db8.pdf',4,1,2,'2019-04-12 11:59:09',2,'2019-04-12 11:59:09','कागद पत्र पडताळणी वेळा पत्रक - वर्धा','कागद पत्र पडताळणी वेळा पत्रक - वर्धा','6d5a836c-fb7b-42ae-8c9d-71f080de3e9e.pdf',0,0),(133,'Document verification time table_Pune','Document verification time table_Pune','d15211ed-8189-4a85-98dd-16cec3d454ae.pdf',4,1,3,'2019-04-16 15:00:36',3,'2019-05-07 13:29:16','कागद पत्र पडताळणी वेळा पत्रक- पुणे ','कागद पत्र पडताळणी वेळा पत्रक- पुणे&nbsp;','00260e68-1a73-47b7-80c4-e59ff896009a.pdf',0,0),(134,'Document verification time table_Solapur','Document verification time table_Solapur','cdbd0dda-ec22-4cc2-80e3-99f4b24d74d7.pdf',4,1,3,'2019-04-16 16:50:48',3,'2019-04-30 17:43:29','कागद पत्र पडताळणी वेळा पत्रक- सोलापूर  ','कागद पत्र पडताळणी वेळा पत्रक- सोलापूर &nbsp;','08a91839-3c1d-407c-8db3-392cf987edb8.pdf',0,0),(135,'Document verification time table_Jalgaon','Document verification time table_Jalgaon','1356a8d1-c87a-41b6-b60d-02bbfe4e3bc3.pdf',4,1,2,'2019-04-16 18:20:40',2,'2019-04-16 18:20:40','कागद पत्र पडताळणी वेळा पत्रक- जळगाव ','कागद पत्र पडताळणी वेळा पत्रक- जळगाव&nbsp;','2d99f659-6dde-48ea-b5ee-a0d5c37f0554.pdf',0,0);

/*Table structure for table `module_operations` */

DROP TABLE IF EXISTS `module_operations`;

CREATE TABLE `module_operations` (
  `module_operation_id` int(11) NOT NULL AUTO_INCREMENT,
  `module_operation_name` varchar(4000) COLLATE utf8_unicode_ci NOT NULL,
  `display_name` varchar(255) COLLATE utf8_unicode_ci NOT NULL,
  `module_id` smallint(6) NOT NULL,
  PRIMARY KEY (`module_operation_id`),
  KEY `module_id` (`module_id`),
  CONSTRAINT `FK9xtsupkx3ux10kaq9u19hfxie` FOREIGN KEY (`module_id`) REFERENCES `modules` (`module_id`),
  CONSTRAINT `module_operations_ibfk_1` FOREIGN KEY (`module_id`) REFERENCES `modules` (`module_id`)
) ENGINE=InnoDB AUTO_INCREMENT=4 DEFAULT CHARSET=utf8 COLLATE=utf8_unicode_ci;

/*Data for the table `module_operations` */

insert  into `module_operations`(`module_operation_id`,`module_operation_name`,`display_name`,`module_id`) values (1,'/api/users','Admin Dashboard',1),(2,'/api/users','Applicant Dashboard',2),(3,'viewReports','View Reports',3);

/*Table structure for table `modules` */

DROP TABLE IF EXISTS `modules`;

CREATE TABLE `modules` (
  `module_id` smallint(6) NOT NULL AUTO_INCREMENT,
  `module_name` varchar(100) COLLATE utf8_unicode_ci NOT NULL,
  `display_name` varchar(100) COLLATE utf8_unicode_ci NOT NULL,
  `is_enabled` tinyint(1) DEFAULT '1',
  PRIMARY KEY (`module_id`)
) ENGINE=InnoDB AUTO_INCREMENT=4 DEFAULT CHARSET=utf8 COLLATE=utf8_unicode_ci;

/*Data for the table `modules` */

insert  into `modules`(`module_id`,`module_name`,`display_name`,`is_enabled`) values (1,'admin','Admin',1),(2,'applicant','Applicant',1),(3,'reports','Reports',1);

/*Table structure for table `role_module_operation_assoc` */

DROP TABLE IF EXISTS `role_module_operation_assoc`;

CREATE TABLE `role_module_operation_assoc` (
  `role_module_operation_id` int(11) NOT NULL AUTO_INCREMENT,
  `role_id` int(11) DEFAULT NULL,
  `module_operation_id` int(11) DEFAULT NULL,
  PRIMARY KEY (`role_module_operation_id`),
  KEY `FK_5vdc1f9lfehkfj39wb9sh46a3` (`module_operation_id`),
  KEY `FK_phpl3f7ymus8fk6vdcy031luw` (`role_id`),
  CONSTRAINT `FK3h5y4tjjxpi63nr12ins75ak0` FOREIGN KEY (`module_operation_id`) REFERENCES `module_operations` (`module_operation_id`),
  CONSTRAINT `FK_5vdc1f9lfehkfj39wb9sh46a3` FOREIGN KEY (`module_operation_id`) REFERENCES `module_operations` (`module_operation_id`),
  CONSTRAINT `FK_phpl3f7ymus8fk6vdcy031luw` FOREIGN KEY (`role_id`) REFERENCES `roles` (`id`),
  CONSTRAINT `FKiccdocnwk97posasbi4vyef6g` FOREIGN KEY (`role_id`) REFERENCES `roles` (`id`)
) ENGINE=InnoDB AUTO_INCREMENT=4 DEFAULT CHARSET=utf8 COLLATE=utf8_unicode_ci;

/*Data for the table `role_module_operation_assoc` */

insert  into `role_module_operation_assoc`(`role_module_operation_id`,`role_id`,`module_operation_id`) values (1,3,1),(2,2,2),(3,3,3);

/*Table structure for table `roles` */

DROP TABLE IF EXISTS `roles`;

CREATE TABLE `roles` (
  `id` int(10) NOT NULL AUTO_INCREMENT,
  `title` varchar(100) COLLATE utf8_unicode_ci NOT NULL,
  `description` varchar(255) COLLATE utf8_unicode_ci DEFAULT NULL,
  `is_enabled` tinyint(1) DEFAULT NULL,
  `is_system_defined` tinyint(1) NOT NULL,
  `parent_role_id` tinyint(10) DEFAULT NULL,
  PRIMARY KEY (`id`)
) ENGINE=InnoDB AUTO_INCREMENT=4 DEFAULT CHARSET=utf8 COLLATE=utf8_unicode_ci;

/*Data for the table `roles` */

insert  into `roles`(`id`,`title`,`description`,`is_enabled`,`is_system_defined`,`parent_role_id`) values (1,'ROLE_ADMIN','Admin',1,1,1),(2,'ROLE_APPLICANT','Applicant',1,1,2),(3,'ROLE_SUPERADMIN','Super Admin',1,1,1);

/*Table structure for table `users` */

DROP TABLE IF EXISTS `users`;

CREATE TABLE `users` (
  `id` int(11) NOT NULL AUTO_INCREMENT,
  `first_name` varchar(45) COLLATE utf8_unicode_ci NOT NULL,
  `last_name` varchar(45) COLLATE utf8_unicode_ci NOT NULL,
  `user_name` varchar(100) COLLATE utf8_unicode_ci DEFAULT NULL,
  `email` varchar(45) COLLATE utf8_unicode_ci NOT NULL,
  `password` varchar(100) COLLATE utf8_unicode_ci NOT NULL,
  `created_by` int(11) NOT NULL,
  `created_date` datetime NOT NULL,
  `last_modified_by` int(11) DEFAULT NULL,
  `last_modified_date` datetime DEFAULT NULL,
  `role_id` int(11) NOT NULL,
  `active` bit(1) DEFAULT NULL,
  `approve` bit(1) DEFAULT NULL,
  `approved_date` datetime DEFAULT NULL,
  `email_status` int(11) DEFAULT NULL,
  `ip_address` varchar(15) COLLATE utf8_unicode_ci DEFAULT NULL,
  `last_access_time` datetime DEFAULT NULL,
  `middle_name` varchar(50) COLLATE utf8_unicode_ci DEFAULT NULL,
  `phone_number` varchar(15) COLLATE utf8_unicode_ci DEFAULT NULL,
  `role` tinyblob,
  `token` longtext COLLATE utf8_unicode_ci,
  PRIMARY KEY (`id`),
  KEY `role_id` (`role_id`),
  CONSTRAINT `FKp56c1712k691lhsyewcssf40f` FOREIGN KEY (`role_id`) REFERENCES `roles` (`id`),
  CONSTRAINT `users_ibfk_1` FOREIGN KEY (`role_id`) REFERENCES `roles` (`id`)
) ENGINE=InnoDB AUTO_INCREMENT=3 DEFAULT CHARSET=utf8 COLLATE=utf8_unicode_ci;

/*Data for the table `users` */

insert  into `users`(`id`,`first_name`,`last_name`,`user_name`,`email`,`password`,`created_by`,`created_date`,`last_modified_by`,`last_modified_date`,`role_id`,`active`,`approve`,`approved_date`,`email_status`,`ip_address`,`last_access_time`,`middle_name`,`phone_number`,`role`,`token`) values (1,'super Admin','Admin','superadmin','superadmin@sts.in','$2a$10$kREIPH890OGFVB.P/uXC0e7QEOG.Mva26zbjYcp7rZp/DEbaYGFTK',1,'2016-10-05 20:41:02',1,'2016-10-05 20:41:05',3,'','',NULL,NULL,NULL,NULL,NULL,NULL,NULL,NULL),(2,'admin','admin','admin','admin@sts.in','$2a$10$kREIPH890OGFVB.P/uXC0e7QEOG.Mva26zbjYcp7rZp/DEbaYGFTK',1,'2019-08-25 20:31:44',1,'2019-08-25 20:31:44',1,'','',NULL,NULL,NULL,NULL,NULL,NULL,NULL,NULL);

/*!40101 SET SQL_MODE=@OLD_SQL_MODE */;
/*!40014 SET FOREIGN_KEY_CHECKS=@OLD_FOREIGN_KEY_CHECKS */;
/*!40014 SET UNIQUE_CHECKS=@OLD_UNIQUE_CHECKS */;
/*!40111 SET SQL_NOTES=@OLD_SQL_NOTES */;
